timestamp,Bjelovar-Bilogora,Brod-Posavina,Dubrovnik-Neretva,City of Zagreb,Istria,Karlovac,Koprivnica-Križevci,Krapina-Zagorje,Lika-Senj,Međimurje,Osijek-Baranja,Požega-Slavonia,Primorje-Gorski Kotar,Šibenik-Knin,Sisak-Moslavina,Split-Dalmatia,Varaždin,Virovitica-Podravina,Vukovar-Syrmia,Zadar,Zagreb County
2020-03-17 12:00:00,0,0,0,0,0,0,0,0,0,0,0,0,0,0,0,0,0,0,0,0,0
2020-03-18 12:00:00,0,0,0,0,0,0,0,0,0,0,0,0,0,0,0,0,0,0,0,0,0
2020-03-19 12:00:00,0,0,0,0,0,0,0,0,0,0,0,0,0,0,0,0,0,0,0,0,0
2020-03-20 12:00:00,0,0,0,0,0,0,0,0,0,0,0,0,0,0,0,0,0,0,0,0,0
2020-03-21 12:00:00,0,1,14,85,25,12,1,14,1,0,7,0,18,4,3,7,10,0,0,2,2
2020-03-22 12:00:00,0,1,14,121,26,12,1,18,1,0,7,0,21,6,4,7,11,0,0,2,2
2020-03-23 12:00:00,1,1,14,121,26,12,1,18,1,0,7,0,21,6,4,7,11,0,0,2,2
2020-03-24 12:00:00,2,2,19,177,34,16,1,28,1,1,19,0,28,15,5,17,11,0,0,3,3
2020-03-25 12:00:00,2,2,21,202,37,18,1,33,1,2,25,0,34,15,5,23,11,0,1,6,3
2020-03-26 12:00:00,2,2,22,225,40,18,1,36,1,2,31,0,35,15,7,34,14,0,1,6,3
2020-03-27 12:00:00,3,3,23,268,49,18,1,39,1,2,35,0,35,15,13,44,18,0,2,16,0
2020-03-28 12:00:00,5,3,28,286,60,18,2,39,1,2,39,0,38,22,13,61,19,0,3,18,0
2020-03-29 12:00:00,5,3,29,304,65,20,3,49,1,2,42,0,38,23,13,61,19,0,7,18,5
2020-03-30 12:00:00,5,4,30,332,68,20,3,54,1,2,46,0,43,23,14,88,21,0,11,25,5
2020-03-31 12:00:00,5,8,32,362,68,20,4,59,1,2,57,1,46,24,15,96,21,1,13,32,0
2020-04-01 12:00:00,7,11,43,269,71,20,12,65,2,2,63,3,60,27,14,133,26,4,13,36,82
2020-04-02 12:00:00,7,11,43,279,73,20,12,65,2,2,68,3,62,29,15,143,27,4,13,45,88
2020-04-03 12:00:00,8,13,55,298,73,21,16,69,2,2,71,3,63,29,19,154,27,4,16,47,89
2020-04-04 12:00:00,8,14,59,312,73,21,16,76,2,4,77,3,65,29,20,158,27,4,18,48,92
2020-04-05 12:00:00,9,15,62,331,75,21,16,80,2,4,77,3,66,35,20,165,31,4,21,52,93
2020-04-06 12:00:00,9,16,63,346,75,21,16,80,2,5,77,3,67,35,20,181,33,4,24,52,93
2020-04-07 12:00:00,9,17,63,360,76,22,19,83,2,6,79,3,68,42,21,196,33,4,28,56,95
2020-04-08 12:00:00,10,18,63,370,79,23,20,86,2,6,81,3,69,44,22,205,35,4,29,56,101
2020-04-09 12:00:00,11,18,65,382,80,23,21,92,2,6,81,3,70,53,22,246,35,4,31,60,102
2020-04-10 12:00:00,11,18,69,393,81,24,23,94,3,7,82,3,73,58,24,291,35,4,32,63,107
2020-04-11 12:00:00,11,18,71,400,83,26,23,96,3,7,82,3,73,61,27,302,35,4,33,67,109
2020-04-12 12:00:00,11,18,86,408,83,28,24,99,7,7,82,3,75,65,27,323,35,4,34,69,112
2020-04-13 12:00:00,11,18,93,413,84,28,25,100,13,7,91,3,77,67,29,336,35,4,35,69,112
2020-04-14 12:00:00,11,18,95,418,85,28,25,108,13,8,97,3,77,76,29,350,35,4,36,74,114
2020-04-15 12:00:00,12,18,96,421,86,28,28,112,14,8,99,3,78,77,30,365,35,4,36,74,117
2020-04-16 12:00:00,12,20,96,437,88,28,28,115,14,8,102,3,79,78,30,381,35,4,36,76,121
2020-04-17 12:00:00,12,21,96,439,89,28,28,115,19,8,107,3,79,79,30,388,35,4,36,77,121
2020-04-18 12:00:00,12,21,96,446,89,28,28,118,19,8,107,3,79,79,30,392,35,4,36,78,124
2020-04-19 12:00:00,12,21,105,449,90,28,32,120,20,8,107,3,80,79,32,406,36,4,37,78,124
2020-04-20 12:00:00,12,21,105,450,90,28,32,124,20,8,108,3,80,79,32,409,36,4,37,79,124
2020-04-21 12:00:00,12,21,105,454,90,29,33,126,20,8,109,3,82,80,34,418,37,4,37,81,125
2020-04-22 12:00:00,12,22,105,457,90,29,49,127,20,8,111,3,82,80,34,427,40,9,39,81,125
2020-04-23 12:00:00,12,22,105,457,90,29,49,128,20,8,112,3,82,80,34,452,43,9,39,82,125
2020-04-24 12:00:00,12,22,105,459,90,29,60,130,20,8,113,3,82,80,34,454,49,9,39,84,127
2020-04-25 12:00:00,12,22,105,462,90,29,60,132,20,8,113,3,82,81,34,455,49,9,39,84,127
2020-04-26 12:00:00,12,22,105,462,90,30,63,133,20,8,113,3,82,83,34,460,50,9,39,85,127
2020-04-27 12:00:00,12,22,105,463,90,30,65,133,20,8,114,3,82,83,34,464,50,9,39,85,128
2020-04-28 12:00:00,12,22,106,464,90,30,68,133,20,8,115,3,82,83,34,465,50,9,39,85,129
2020-04-29 12:00:00,12,22,108,464,90,30,69,134,20,8,118,3,82,86,34,468,50,9,40,85,130
2020-04-30 12:00:00,12,22,108,466,90,30,69,134,20,8,119,3,82,86,34,479,50,9,40,85,130
2020-05-01 12:00:00,12,22,108,466,90,30,69,134,20,8,119,3,82,86,34,488,50,9,40,85,130
2020-05-02 12:00:00,12,22,108,466,90,30,69,134,20,8,120,3,82,87,34,489,50,9,40,85,130
2020-05-03 12:00:00,12,22,108,468,90,30,69,134,20,8,123,3,82,87,34,490,50,11,40,85,130
2020-05-04 12:00:00,12,22,108,468,90,30,70,134,20,8,126,3,82,87,34,491,50,11,40,85,130
2020-05-05 12:00:00,12,22,108,471,90,30,71,134,20,8,127,3,82,87,34,496,51,11,40,85,130
2020-05-06 12:00:00,12,22,111,473,90,30,72,134,20,8,127,3,82,87,34,497,51,11,40,85,130
2020-05-07 12:00:00,12,22,111,472,90,30,74,134,20,8,127,3,82,87,35,501,51,11,40,85,130
2020-05-08 12:00:00,12,23,114,472,90,30,75,134,20,8,132,3,82,88,35,526,51,11,40,85,130
2020-05-09 12:00:00,12,28,114,472,90,30,83,134,20,8,132,3,82,88,35,528,51,11,40,85,130
2020-05-10 12:00:00,12,29,114,472,90,30,83,134,20,8,132,3,83,88,35,537,51,11,40,85,130
2020-05-11 12:00:00,12,31,114,472,90,30,83,134,20,8,132,3,83,88,35,544,51,11,40,85,130
2020-05-12 12:00:00,12,32,114,472,91,30,87,134,20,8,132,5,83,88,36,544,51,11,40,87,130
2020-05-13 12:00:00,12,32,114,473,92,30,87,134,20,8,132,5,83,89,36,547,51,11,40,87,130
2020-05-14 12:00:00,12,34,114,476,92,30,87,134,20,8,132,8,83,89,36,547,51,11,40,87,130
2020-05-15 12:00:00,12,34,114,476,92,30,88,134,20,8,132,8,83,89,36,547,51,11,40,87,130
2020-05-16 12:00:00,12,34,114,477,92,31,88,134,20,8,132,8,83,89,36,547,51,11,40,87,130
2020-05-17 12:00:00,12,34,114,477,92,31,89,134,20,8,132,8,83,89,36,548,51,11,40,87,130
2020-05-18 12:00:00,12,35,114,478,92,31,89,134,20,8,132,8,83,89,36,548,51,11,40,87,130
2020-05-19 12:00:00,12,39,114,478,92,31,89,134,20,8,132,8,83,89,36,548,51,11,40,87,130
2020-05-20 12:00:00,12,39,114,478,92,31,90,134,20,8,132,8,83,89,36,548,51,11,41,87,130
2020-05-21 12:00:00,12,39,114,478,92,31,92,134,20,8,133,8,83,89,36,548,51,11,41,87,130
2020-05-22 12:00:00,12,43,114,478,92,31,92,134,20,8,134,8,83,89,36,549,51,11,41,87,130
2020-05-23 12:00:00,12,43,114,478,92,31,92,134,20,8,134,8,83,89,36,549,51,11,41,87,130
2020-05-24 12:00:00,12,43,114,478,92,31,92,134,20,8,134,8,83,89,36,549,51,11,41,87,131
2020-05-25 12:00:00,12,43,114,478,92,31,92,134,20,8,134,8,83,89,36,549,51,11,41,87,131
2020-05-26 12:00:00,12,43,114,478,92,31,92,134,20,8,134,8,83,89,36,549,51,11,41,87,131
2020-05-27 12:00:00,12,43,114,478,92,31,92,134,20,8,134,8,83,89,36,549,51,11,41,87,131
2020-05-28 12:00:00,12,44,114,478,92,31,92,134,20,8,134,8,83,89,36,549,51,11,41,87,131
2020-05-29 12:00:00,12,44,114,478,92,31,92,134,20,8,134,8,83,89,36,549,51,11,41,87,131
2020-05-30 12:00:00,12,44,114,478,92,31,92,134,20,8,134,8,83,89,36,549,51,11,41,87,131
2020-05-31 12:00:00,12,44,114,478,92,31,92,134,20,8,134,8,83,89,36,549,51,11,41,87,131
2020-06-01 12:00:00,12,44,114,478,92,31,92,134,20,8,134,8,83,89,36,549,51,11,41,87,131
2020-06-02 12:00:00,12,44,114,478,92,31,92,134,20,8,134,8,83,89,36,549,51,11,41,87,131
2020-06-03 12:00:00,12,44,114,478,92,31,92,134,20,8,134,8,83,89,36,549,51,11,41,87,131
2020-06-04 12:00:00,12,44,114,478,92,31,94,134,20,8,134,8,83,89,36,549,51,11,41,87,131
2020-06-05 12:00:00,12,44,114,478,92,31,94,134,20,8,134,8,83,89,36,549,51,11,41,87,131
2020-06-06 12:00:00,12,44,114,478,92,31,94,134,20,8,134,8,83,89,36,549,51,11,41,87,131
2020-06-07 12:00:00,12,44,114,478,92,31,94,134,20,8,134,8,83,89,36,549,51,11,41,87,131
2020-06-08 12:00:00,12,44,114,478,92,31,94,134,20,8,134,8,83,89,36,549,51,11,41,87,131
2020-06-09 12:00:00,12,44,114,478,92,31,94,134,20,8,134,8,83,89,36,549,51,11,41,87,131
2020-06-10 12:00:00,12,44,114,479,92,31,94,134,20,8,134,8,84,89,36,549,51,11,41,87,131
2020-06-11 12:00:00,12,44,114,479,92,31,94,134,20,8,134,8,84,89,36,549,51,11,41,87,131
2020-06-12 12:00:00,12,44,114,479,92,31,94,134,20,8,134,8,84,89,36,549,51,11,41,87,131
2020-06-13 12:00:00,12,44,114,480,92,31,94,134,20,8,135,8,84,89,36,549,51,11,41,87,131
2020-06-14 12:00:00,12,44,114,481,92,31,94,134,20,8,135,8,84,89,36,549,51,11,41,87,131
2020-06-15 12:00:00,12,44,114,483,92,31,94,134,20,8,135,8,84,89,36,549,51,11,41,87,131
2020-06-16 12:00:00,12,44,114,483,92,31,94,134,20,8,135,8,84,89,36,549,51,11,41,87,132
2020-06-17 12:00:00,12,44,114,483,92,31,94,134,20,8,135,8,84,89,36,549,51,11,41,87,132
2020-06-18 12:00:00,12,44,114,487,94,31,94,134,20,8,135,8,84,89,37,553,51,11,41,87,135
2020-06-19 12:00:00,12,44,115,491,94,31,94,134,20,8,135,8,84,89,37,558,51,11,41,87,136
2020-06-20 12:00:00,12,45,114,498,94,31,94,134,20,8,137,8,85,90,37,565,51,11,41,87,137
2020-06-21 12:00:00,12,45,115,508,94,31,94,134,20,8,142,8,85,90,37,566,51,11,41,87,138
2020-06-22 12:00:00,13,45,116,517,94,31,95,134,20,9,145,8,85,91,37,566,51,11,41,89,138
2020-06-23 12:00:00,13,46,118,529,95,31,95,134,20,9,157,8,85,91,37,566,51,11,41,89,140
2020-06-24 12:00:00,13,46,118,540,97,31,95,135,20,9,161,8,86,91,37,566,51,11,42,90,141
2020-06-25 12:00:00,13,47,118,565,99,31,95,135,20,9,201,8,95,92,39,567,52,12,42,95,148
2020-06-26 12:00:00,13,48,118,588,99,31,97,135,20,9,213,8,100,92,39,572,53,12,42,97,153
2020-06-27 12:00:00,13,48,118,630,99,31,97,135,20,10,233,8,102,92,43,579,53,13,45,98,157
2020-06-28 12:00:00,13,49,119,654,99,32,98,135,20,10,265,8,102,92,44,582,54,13,46,98,158
2020-06-29 12:00:00,13,49,119,671,101,36,98,135,20,10,272,8,102,92,45,582,54,13,48,99,158
2020-06-30 12:00:00,13,53,121,692,101,38,98,136,20,10,279,10,103,93,45,586,54,13,52,100,160
2020-07-01 12:00:00,14,53,122,705,101,41,98,136,20,11,295,18,103,93,45,586,54,13,55,100,168
2020-07-02 12:00:00,14,56,123,726,101,44,98,136,20,12,321,27,103,94,45,591,54,13,60,104,170
2020-07-03 12:00:00,16,61,125,761,102,44,98,136,21,12,333,49,104,95,46,591,55,13,63,108,175
2020-07-04 12:00:00,16,69,126,785,102,50,98,137,22,12,348,62,106,95,47,592,56,13,69,110,179
2020-07-05 12:00:00,16,72,127,797,103,50,98,137,23,12,355,72,108,97,51,594,56,14,76,111,182
2020-07-06 12:00:00,16,78,138,808,103,50,98,137,24,12,371,72,109,103,55,597,57,14,83,112,183
2020-07-07 12:00:00,16,83,139,818,103,51,98,138,24,12,376,72,116,104,58,610,57,14,86,113,184
2020-07-08 12:00:00,16,90,141,829,104,52,98,139,25,12,380,73,116,107,67,616,58,14,88,115,185
2020-07-09 12:00:00,16,102,147,854,105,57,98,139,25,12,388,76,117,114,69,623,59,15,90,122,188
2020-07-10 12:00:00,16,107,149,893,105,59,98,139,26,12,403,76,117,116,75,641,61,15,94,138,192
2020-07-11 12:00:00,16,118,151,919,105,63,98,140,27,12,454,78,117,116,75,652,61,17,110,143,200
2020-07-12 12:00:00,16,124,154,945,105,66,98,142,27,12,463,80,122,118,76,671,62,20,122,149,203
2020-07-13 12:00:00,16,124,154,945,105,66,98,142,27,12,463,80,122,118,76,671,62,20,122,149,203
2020-07-14 12:00:00,16,126,154,957,111,68,98,143,27,12,474,80,122,119,77,672,62,20,131,154,204
2020-07-15 12:00:00,17,138,161,1001,148,81,99,145,27,12,487,88,135,121,80,695,63,24,150,157,212
2020-07-16 12:00:00,17,138,161,1001,148,81,99,145,27,12,487,88,135,121,80,695,63,24,150,157,212
2020-07-17 12:00:00,17,138,161,1001,148,81,99,145,27,12,487,88,135,121,80,695,63,24,150,157,212
2020-07-18 12:00:00,17,144,171,1036,164,84,100,146,27,12,511,88,142,129,81,720,63,27,200,169,222
2020-07-19 12:00:00,17,147,172,1043,173,84,101,146,27,12,521,89,142,129,82,727,64,27,242,169,227
2020-07-20 12:00:00,17,147,172,1043,173,84,101,146,27,12,521,89,142,129,82,727,64,27,242,169,227
2020-07-21 12:00:00,17,147,172,1043,173,84,101,146,27,12,521,89,142,129,82,727,64,27,242,169,227
2020-07-22 12:00:00,19,149,174,1068,204,90,104,147,27,12,539,91,152,130,83,759,67,27,287,170,231
2020-07-23 12:00:00,21,154,175,1085,214,91,104,149,27,12,546,93,152,133,86,769,67,27,323,171,235
2020-07-24 12:00:00,21,154,175,1085,214,91,104,149,27,12,546,93,152,133,86,769,67,27,323,171,235
2020-07-25 12:00:00,22,154,176,1130,234,94,104,152,27,13,558,94,155,140,88,794,68,28,347,173,241
2020-07-26 12:00:00,28,154,177,1135,245,94,104,152,27,13,559,94,157,141,95,810,68,29,360,175,241
2020-07-27 12:00:00,30,154,177,1137,245,94,104,152,27,13,560,94,157,142,96,810,69,31,374,175,241
2020-07-28 12:00:00,31,154,179,1151,248,94,104,152,27,13,562,94,157,145,99,818,72,31,375,175,242
2020-07-29 12:00:00,31,157,179,1164,255,94,104,153,27,13,566,94,158,145,99,844,72,32,383,175,247
2020-07-30 12:00:00,34,157,183,1174,256,95,104,154,27,13,574,94,158,147,100,857,72,35,412,175,249
2020-07-31 12:00:00,34,160,184,1185,259,95,104,154,27,13,584,94,159,149,100,875,74,35,423,178,251
2020-08-01 12:00:00,37,162,184,1221,263,98,104,154,27,13,594,94,159,150,101,886,75,35,434,180,253
2020-08-02 12:00:00,37,165,184,1221,263,98,104,154,27,13,595,94,159,150,102,896,76,35,453,181,253
2020-08-03 12:00:00,37,165,186,1227,263,100,104,154,27,13,597,94,159,150,102,917,76,35,453,182,253
2020-08-04 12:00:00,38,166,187,1231,265,100,104,154,27,13,602,94,159,150,102,920,76,35,458,184,253
2020-08-05 12:00:00,39,167,187,1238,265,103,104,154,28,13,610,96,159,150,102,935,76,35,475,184,256
2020-08-06 12:00:00,39,167,187,1243,266,104,104,154,28,13,610,96,160,150,102,936,77,35,489,188,256
2020-08-07 12:00:00,39,175,190,1254,267,104,104,154,28,13,611,97,161,150,102,956,77,35,502,190,257
2020-08-08 12:00:00,39,180,191,1281,268,104,104,155,30,13,617,97,164,150,104,973,79,35,506,193,260
2020-08-09 12:00:00,39,181,193,1286,268,106,105,155,30,13,623,97,164,151,104,1004,79,36,513,194,263
2020-08-10 12:00:00,39,186,194,1303,268,107,105,155,30,13,628,97,169,151,104,1007,80,36,519,195,263
2020-08-12 12:00:00,39,191,196,1387,272,110,106,157,33,14,639,98,177,159,105,1068,85,36,524,202,272
2020-08-13 12:00:00,39,195,199,1436,274,115,106,158,36,19,652,100,179,166,108,1111,87,36,542,208,284
2020-08-15 12:00:00,42,210,211,1522,278,128,107,162,37,22,677,103,187,193,115,1216,91,37,551,231,300
2020-08-16 12:00:00,42,212,214,1578,279,129,107,163,37,24,685,108,193,211,115,1244,91,39,558,236,306
2020-08-17 12:00:00,42,219,214,1608,283,129,107,164,37,24,686,108,195,212,115,1271,93,40,558,241,310
2020-08-18 12:00:00,44,230,219,1650,290,135,107,166,40,24,696,110,202,229,126,1318,94,41,563,250,321
2020-08-19 12:00:00,47,235,227,1692,294,149,110,169,41,32,713,110,207,239,127,1373,100,43,574,262,330
2020-08-20 12:00:00,48,246,233,1758,321,155,113,169,42,33,719,111,214,246,130,1443,105,47,578,274,344
2020-08-24 12:00:00,51,302,265,1953,341,163,124,176,53,39,751,128,231,310,145,1791,134,53,588,338,375
2020-08-25 12:00:00,53,302,265,1983,354,163,124,177,53,39,751,128,233,311,149,1862,134,53,588,364,375
2020-08-26 12:00:00,53,314,265,2050,362,168,131,177,56,39,758,132,240,311,157,2000,134,53,591,375,375
2020-08-27 12:00:00,53,326,265,2118,367,168,135,177,56,39,760,138,256,319,167,2109,143,56,597,389,388
2020-08-28 12:00:00,53,353,265,2189,376,168,139,177,58,39,764,140,256,334,171,2223,152,56,604,389,401
2020-08-30 12:00:00,60,381,328,2328,382,174,141,201,64,53,791,162,300,399,180,2429,160,74,627,443,446
2020-08-31 12:00:00,60,394,332,2374,385,174,141,204,68,53,794,173,308,401,182,2463,160,75,627,452,449
2020-09-01 12:00:00,61,395,344,2403,388,174,145,206,68,55,795,189,319,402,183,2505,160,77,630,459,456
2020-09-02 12:00:00,64,403,360,2462,399,176,150,207,73,57,812,191,341,419,197,2584,165,77,635,469,484
2020-09-03 12:00:00,69,409,380,2552,404,178,153,215,75,63,819,204,353,431,204,2698,168,83,643,490,503
2020-09-04 12:00:00,77,425,380,2626,407,178,155,215,81,63,825,217,370,454,213,2803,168,83,653,500,503
2020-09-05 12:00:00,110,425,380,2680,413,178,166,222,86,64,825,224,386,454,221,2900,168,83,658,532,503
2020-09-06 12:00:00,114,443,449,2684,420,191,170,226,90,67,840,216,385,471,225,2958,182,95,668,534,536
2020-09-07 12:00:00,114,456,457,2711,423,191,170,230,91,67,842,216,393,471,225,2988,185,98,668,543,542
2020-09-08 12:00:00,122,462,457,2733,431,191,174,230,102,67,842,233,398,471,234,3027,185,102,670,543,542
2020-09-10 12:00:00,141,485,518,2856,446,209,187,241,105,73,866,252,438,485,239,3195,193,119,684,598,587
2020-09-11 12:00:00,142,494,525,2892,447,211,190,244,107,74,870,253,451,491,243,3256,194,126,686,617,594
2020-09-12 12:00:00,151,509,543,2940,450,218,193,249,108,76,876,270,454,493,246,3304,200,141,704,632,611
2020-09-13 12:00:00,160,516,555,2974,453,218,194,254,112,76,884,273,470,505,246,3325,202,150,707,645,614
2020-09-14 12:00:00,161,531,556,2988,454,218,194,256,112,77,887,273,471,506,247,3336,202,156,710,649,614
2020-09-15 12:00:00,162,532,564,3014,456,221,194,257,113,80,898,284,475,507,254,3389,203,156,717,652,621
2020-09-16 12:00:00,174,545,575,3047,456,230,196,268,117,83,922,300,488,516,259,3460,205,163,725,668,632
2020-09-17 12:00:00,175,559,587,3096,459,247,196,273,123,85,933,313,496,525,260,3536,205,167,729,679,636
2020-09-18 12:00:00,183,571,595,3140,459,258,199,273,123,85,938,322,504,529,262,3611,205,167,740,679,636
2020-09-19 12:00:00,192,587,605,3168,459,259,201,289,142,91,943,333,505,532,263,3663,206,176,746,696,669
2020-09-20 12:00:00,205,595,607,3211,460,278,202,297,144,116,950,348,515,534,264,3679,206,183,750,705,673
2020-09-21 12:00:00,206,605,607,3220,460,281,202,305,148,121,954,348,526,536,265,3680,207,183,751,709,678
2020-09-22 12:00:00,213,606,618,3239,461,293,203,310,150,125,958,358,534,538,265,3713,209,185,752,715,691
2020-09-23 12:00:00,216,612,621,3270,462,298,203,325,161,128,972,360,544,544,266,3765,213,190,754,720,716
2020-09-24 12:00:00,221,615,626,3312,469,318,206,327,162,133,975,378,575,545,272,3806,213,197,764,724,734
2020-09-25 12:00:00,224,618,635,3343,470,333,208,342,165,133,986,383,620,549,274,3844,215,204,770,729,750
2020-09-26 12:00:00,232,622,644,3368,471,339,212,349,169,143,999,401,628,553,277,3880,216,214,791,732,767
2020-09-27 12:00:00,236,625,652,3405,471,343,218,360,172,151,1006,410,647,554,278,3901,220,222,811,738,777
2020-09-28 12:00:00,238,630,652,3419,471,344,218,361,174,151,1012,410,648,554,278,3909,220,223,814,741,778
2020-09-29 12:00:00,239,631,656,3448,474,348,221,366,176,154,1018,417,656,555,278,3944,220,224,825,742,788
2020-09-30 12:00:00,250,633,660,3496,476,352,224,382,180,162,1026,426,667,556,282,3986,224,227,834,748,802
2020-10-01 12:00:00,259,638,673,3542,478,365,230,392,185,165,1032,432,677,563,297,4011,227,236,853,752,820
2020-10-02 12:00:00,268,641,692,3615,479,371,233,422,192,169,1044,439,703,566,349,4040,231,239,881,755,831
2020-10-03 12:00:00,272,644,699,3674,481,377,233,432,198,184,1050,442,706,570,376,4077,234,242,899,758,853
2020-10-04 12:00:00,279,648,704,3730,483,385,245,434,209,205,1064,446,743,570,381,4095,239,244,919,762,874
2020-10-05 12:00:00,280,650,706,3770,484,386,246,456,212,206,1074,446,743,570,381,4101,242,255,943,765,881
2020-10-06 12:00:00,288,653,730,3830,484,386,249,471,235,218,1086,451,748,574,388,4153,243,260,959,775,903
2020-10-07 12:00:00,291,654,757,3900,487,405,249,494,237,232,1120,457,765,577,424,4214,257,261,966,787,913
2020-10-08 12:00:00,305,662,780,4022,489,417,250,526,243,250,1176,469,782,583,455,4262,269,276,1007,802,964
2020-10-09 12:00:00,318,666,795,4149,490,432,254,556,246,264,1210,475,801,586,473,4313,289,285,1033,808,1003
2020-10-10 12:00:00,327,667,812,4348,493,448,259,565,249,280,1226,481,817,590,493,4376,303,303,1048,814,1033
2020-10-11 12:00:00,348,679,816,4493,496,472,264,610,257,306,1264,489,827,593,511,4403,307,329,1088,820,1068
2020-10-12 12:00:00,349,684,817,4575,497,474,264,626,260,307,1278,490,827,594,514,4413,333,331,1092,820,1076
2020-10-13 12:00:00,354,691,829,4698,498,482,268,634,260,324,1291,496,850,596,528,4479,346,345,1098,822,1104
2020-10-14 12:00:00,363,696,850,4904,504,511,276,678,270,371,1328,508,874,601,538,4607,374,346,1133,837,1172
2020-10-15 12:00:00,376,704,872,5116,513,548,288,753,293,394,1395,529,889,612,592,4687,391,375,1144,845,1218
2020-10-16 12:00:00,389,711,891,5460,517,592,299,819,343,444,1537,536,918,629,602,4760,446,396,1211,859,1306
2020-10-17 12:00:00,415,732,932,5710,532,612,307,932,356,503,1632,548,952,640,641,4866,501,424,1243,886,1395
2020-10-18 12:00:00,433,738,955,6027,539,659,315,1014,365,541,1658,555,971,648,666,4918,510,458,1260,895,1455
2020-10-19 12:00:00,443,765,960,6166,544,661,317,1033,368,546,1702,555,974,650,678,4943,517,459,1304,904,1484
2020-10-20 12:00:00,456,775,987,6421,558,672,322,1067,372,570,1739,566,1037,655,704,5099,580,482,1320,913,1568
2020-10-21 12:00:00,492,808,1019,6923,587,705,365,1080,384,650,1828,569,1100,687,709,5276,651,491,1360,937,1666
2020-10-22 12:00:00,511,832,1065,7388,637,732,383,1212,392,723,1952,592,1175,702,772,5431,724,495,1406,954,1772
2020-10-23 12:00:00,560,863,1095,7980,701,769,394,1267,415,808,2078,597,1262,748,821,5643,822,561,1470,975,1888
2020-10-24 12:00:00,604,900,1146,8661,746,816,440,1372,430,932,2285,627,1338,768,863,5917,927,569,1531,1004,2083
2020-10-25 12:00:00,681,945,1187,9418,810,937,452,1543,451,1016,2458,643,1471,802,955,6015,1026,631,1597,1024,2318
2020-10-26 12:00:00,750,1021,1193,9662,817,949,458,1615,459,1029,2503,644,1499,810,967,6063,1065,635,1637,1049,2383
2020-10-27 12:00:00,759,1068,1265,9942,868,991,473,1691,464,1101,2610,665,1588,819,1040,6293,1092,663,1696,1077,2456
2020-10-28 12:00:00,794,1124,1331,10641,928,1038,554,1748,502,1179,2722,679,1762,856,1102,6653,1223,679,1742,1115,2627
2020-10-29 12:00:00,832,1189,1447,11346,979,1119,597,1869,520,1350,2948,694,1955,887,1177,6936,1361,719,1818,1155,2877
2020-10-30 12:00:00,879,1345,1513,12089,1027,1187,605,2022,536,1500,3141,704,2099,945,1254,7252,1496,774,1904,1224,3051
2020-10-31 12:00:00,929,1465,1573,12870,1066,1237,687,2173,552,1651,3348,718,2224,1003,1294,7524,1631,804,1969,1261,3337
2020-11-01 12:00:00,1004,1547,1629,13554,1104,1272,699,2280,571,1744,3454,737,2338,1028,1400,7623,1746,841,2097,1301,3526
2020-11-02 12:00:00,1052,1637,1650,13876,1114,1277,723,2326,578,1748,3577,741,2374,1033,1414,7691,1932,860,2151,1319,3587
2020-11-03 12:00:00,1061,1657,1702,14157,1164,1323,759,2351,590,1816,3673,755,2465,1057,1484,7942,2078,866,2183,1346,3658
2020-11-04 12:00:00,1080,1725,1760,14834,1225,1383,812,2456,612,1998,3795,780,2630,1072,1515,8338,2214,875,2241,1381,3841
2020-11-05 12:00:00,1108,1886,1832,15484,1309,1434,834,2592,624,2168,3931,796,2827,1117,1538,8640,2492,953,2339,1442,4069
2020-11-06 12:00:00,1145,2021,1886,16148,1404,1507,896,2760,639,2293,4070,828,3022,1172,1668,8972,2732,985,2375,1514,4268
2020-11-07 12:00:00,1170,2111,1940,16723,1477,1547,952,2789,646,2425,4287,843,3096,1231,1688,9263,2973,1009,2464,1561,4509
2020-11-08 12:00:00,1204,2186,1987,17184,1557,1602,1020,2914,665,2542,4512,879,3278,1257,1859,9488,3217,1030,2587,1601,4678
2020-11-09 12:00:00,1269,2283,2030,17500,1625,1614,1025,2966,671,2548,4613,883,3401,1259,1875,9536,3428,1056,2713,1629,4852
2020-11-10 12:00:00,1276,2315,2074,17868,1689,1658,1051,3016,685,2619,4718,896,3506,1276,1908,9653,3533,1072,2810,1660,4960
2020-11-11 12:00:00,1310,2404,2168,18489,1764,1724,1104,3114,732,2827,4865,927,3677,1345,1949,9970,3706,1074,2850,1714,5127
2020-11-12 12:00:00,1336,2542,2215,19194,1841,1774,1197,3250,751,2961,5085,944,3854,1416,2053,10344,3926,1128,2962,1786,5363
2020-11-13 12:00:00,1429,2627,2314,19847,1924,1826,1285,3321,784,3093,5259,987,4065,1458,2131,10780,4207,1156,3053,1864,5568
2020-11-14 12:00:00,1459,2715,2383,20401,2005,1908,1363,3387,808,3229,5444,1010,4302,1521,2190,11200,4433,1193,3161,1941,5791
2020-11-15 12:00:00,1510,2835,2410,20764,2090,1989,1440,3552,822,3364,5606,1027,4456,1541,2266,11353,4730,1236,3247,1995,5973
2020-11-16 12:00:00,1539,2891,2415,21055,2167,1997,1448,3572,842,3370,5747,1030,4549,1548,2275,11500,4894,1256,3342,2046,6036
2020-11-17 12:00:00,1558,2919,2471,21476,2236,2036,1514,3611,870,3453,5950,1085,4700,1618,2348,11651,5022,1271,3389,2128,6158
2020-11-18 12:00:00,1606,2993,2550,22080,2318,2124,1622,3731,929,3725,6204,1107,4857,1676,2500,12090,5212,1293,3415,2226,6457
2020-11-19 12:00:00,1694,3157,2586,22689,2397,2160,1701,3951,933,3734,6398,1133,5135,1689,2530,12563,5490,1341,3553,2290,6755
2020-11-20 12:00:00,1723,3273,2641,23313,2475,2231,1771,4040,995,3920,6582,1181,5258,1795,2574,12868,5800,1388,3584,2428,6997
2020-11-21 12:00:00,1752,3326,2719,24135,2557,2311,1924,4154,1037,4173,6805,1203,5520,1891,2658,13255,5974,1442,3690,2561,7323
2020-11-22 12:00:00,1824,3448,2796,24695,2637,2366,2050,4314,1087,4294,7030,1230,5814,1912,2855,13561,6247,1472,3817,2652,7617
2020-11-23 12:00:00,1901,3597,2806,25038,2692,2383,2053,4440,1147,4300,7189,1233,5937,1918,2893,13697,6528,1531,3909,2752,7747
2020-11-24 12:00:00,1937,3649,2845,25483,2782,2473,2137,4476,1167,4395,7379,1266,6095,1975,2970,13987,6755,1555,3956,2865,7867
2020-11-25 12:00:00,1951,3731,2919,26078,2875,2568,2321,4643,1228,4654,7677,1280,6425,2058,3052,14450,6950,1570,4035,2999,8153
2020-11-26 12:00:00,2028,3871,3002,26689,3047,2725,2471,4878,1265,4897,7897,1320,6652,2161,3148,14929,7202,1615,4178,3122,8529
2020-11-27 12:00:00,2136,4018,3054,27296,3084,2896,2613,5044,1329,5076,8145,1363,7028,2276,3311,15477,7584,1678,4246,3282,8770
2020-11-28 12:00:00,2202,4173,3129,27943,3202,3028,2741,5158,1375,5272,8338,1419,7237,2403,3409,16005,7867,1760,4389,3462,9181
2020-11-29 12:00:00,2264,4297,3168,28292,3285,3159,2789,5241,1411,5460,8471,1427,7571,2425,3601,16346,8274,1803,4408,3591,9329
2020-11-30 12:00:00,2337,4380,3206,28528,3362,3197,2802,5410,1447,5464,8594,1467,7584,2434,3643,16493,8405,1914,4529,3674,9572
2020-12-01 12:00:00,2386,4416,3241,29034,3441,3291,2826,5506,1497,5577,8848,1518,7758,2527,3811,16910,8640,1974,4668,3790,9683
2020-12-02 12:00:00,2487,4472,3280,29673,3532,3430,3061,5646,1542,5887,9110,1556,8015,2616,3982,17254,8889,1986,4703,3924,9836
2020-12-03 12:00:00,2586,4660,3326,30342,3621,3587,3281,5918,1624,6154,9421,1633,8475,2790,4105,17817,9117,2051,4836,4087,9984
2020-12-04 12:00:00,2586,4660,3326,30342,3621,3587,3281,5918,1624,6154,9421,1633,8475,2790,4105,17817,9117,2051,4836,4087,9984
2020-12-05 12:00:00,2747,4901,3418,31757,3798,3828,3620,6302,1738,6524,9937,1747,9031,3040,4533,18801,9744,2171,5074,4435,10308
2020-12-06 12:00:00,2855,5074,3447,32141,3886,3929,3649,6457,1755,6687,10011,1787,9410,3058,4724,19137,9983,2220,5203,4533,10407
2020-12-07 12:00:00,2957,5149,3456,32376,3970,3953,3652,6530,1805,6694,10294,1788,9572,3071,4759,19296,10232,2279,5312,4621,10473
2020-12-08 12:00:00,2969,5222,3507,32764,4056,4081,3733,6563,1846,6811,10484,1813,9879,3249,4876,19595,10395,2305,5362,4766,10576
2020-12-09 12:00:00,3068,5275,3555,33531,4146,4177,3857,6741,1905,7111,10775,1897,10261,3461,5089,20103,10690,2348,5470,4934,10978
2020-12-10 12:00:00,3167,5416,3620,34167,4242,4299,4095,7018,1995,7299,11141,1972,10635,3616,5235,20552,10956,2409,5628,5045,11485
2020-12-11 12:00:00,3325,5614,3675,34819,4344,4431,4267,7179,2072,7478,11267,2011,11004,3724,5579,20898,11160,2470,5771,5253,12047
2020-12-12 12:00:00,3436,5768,3735,35477,4436,4518,4391,7331,2118,7648,11608,2046,11350,3867,5705,21389,11381,2528,5857,5391,12543
2020-12-13 12:00:00,3587,5868,3761,35866,4522,4615,4431,7488,2132,7803,11799,2060,11808,3891,5927,21817,11569,2590,5934,5476,12942
2020-12-14 12:00:00,3681,5969,3764,36097,4588,4659,4434,7532,2148,7808,11942,2086,11812,3899,5970,22097,11673,2652,6001,5560,12986
2020-12-15 12:00:00,3716,5999,3788,36514,4675,4762,4517,7553,2174,7884,12148,2112,11934,4003,6109,22475,11757,2656,6042,5666,13234
2020-12-16 12:00:00,3811,6063,3820,36978,4770,4846,4581,7633,2217,8118,12400,2145,12281,4137,6186,22851,11988,2697,6100,5788,13635
2020-12-17 12:00:00,3900,6238,3859,37537,4863,4949,4762,7768,2263,8243,12645,2201,12748,4267,6385,23218,12194,2761,6210,5919,14033
2020-12-18 12:00:00,3999,6305,3878,38031,4937,5078,4854,7845,2297,8363,12901,2244,13041,4320,6558,23574,12361,2861,6279,6043,14466
2020-12-19 12:00:00,4135,6390,3914,38515,5023,5181,4940,7934,2326,8448,13087,2267,13296,4411,6622,23941,12449,2872,6344,6134,14758
2020-12-20 12:00:00,4315,6511,3941,38855,5051,5242,4974,8062,2343,8564,13280,2328,13528,4427,6761,24192,12663,2973,6473,6269,14976
2020-12-21 12:00:00,4315,6511,3941,38855,5051,5242,4974,8062,2343,8564,13280,2328,13528,4427,6761,24192,12663,2973,6473,6269,14976
2020-12-22 12:00:00,4356,6523,3967,39066,5118,5310,4984,8074,2359,8626,13408,2337,13739,4513,6864,24420,12709,3002,6494,6311,15143
2020-12-23 12:00:00,4451,6601,3993,39422,5208,5393,5107,8165,2386,8806,13566,2366,14053,4613,6981,24699,12875,3046,6535,6393,15427
2020-12-24 12:00:00,4508,6671,4015,39747,5266,5495,5186,8176,2418,8892,13731,2394,14312,4685,7098,24942,12976,3056,6590,6460,15701
2020-12-25 12:00:00,4638,6724,4035,40064,5333,5519,5218,8268,2442,8980,13841,2425,14524,4736,7178,24976,13052,3085,6632,6530,15762
2020-12-26 12:00:00,4659,6777,4035,40095,5358,5525,5218,8301,2442,8980,13870,2435,14539,4738,7219,24992,13056,3114,6657,6530,15772
2020-12-27 12:00:00,4666,6806,4052,40219,5367,5550,5227,8332,2452,9027,13971,2436,14623,4741,7232,25253,13109,3132,6676,6570,15805
2020-12-28 12:00:00,4666,6806,4052,40219,5367,5550,5227,8332,2452,9027,13971,2436,14623,4741,7232,25253,13109,3132,6676,6570,15805
2020-12-29 12:00:00,4690,6838,4074,40427,5413,5628,5252,8371,2460,9065,14043,2449,14763,4788,7385,25354,13131,3140,6689,6614,16022
2020-12-30 12:00:00,4707,6885,4107,40634,5484,5730,5317,8379,2464,9202,14134,2460,14959,4850,7405,25652,13267,3182,6694,6686,16248
2020-12-31 12:00:00,4792,7020,4123,41014,5527,5792,5364,8451,2501,9273,14294,2476,15212,4933,7546,25937,13373,3225,6759,6765,16460
2021-01-01 12:00:00,4858,7051,4140,41260,5575,5819,5389,8483,2510,9343,14371,2510,15350,4959,7581,25982,13458,3229,6804,6826,16509
2021-01-02 12:00:00,4866,7107,4142,41272,5576,5829,5392,8505,2510,9346,14390,2527,15352,4959,7597,25991,13478,3250,6824,6833,16516
2021-01-03 12:00:00,4877,7126,4152,41388,5589,5838,5399,8520,2512,9382,14426,2533,15427,4963,7605,26197,13513,3259,6832,6851,16569
2021-01-04 12:00:00,4922,7154,4154,41435,5589,5841,5399,8525,2514,9383,14463,2534,15439,4969,7612,26259,13533,3287,6862,6867,16578
2021-01-05 12:00:00,4948,7196,4161,41568,5657,5883,5421,8550,2520,9422,14520,2549,15532,4998,7723,26368,13557,3292,6878,6900,16747
2021-01-06 12:00:00,4984,7218,4193,41817,5707,5944,5487,8596,2544,9557,14604,2558,15743,5045,7779,26675,13704,3321,6895,6945,16970
2021-01-07 12:00:00,5036,7294,4195,41947,5710,5949,5489,8609,2544,9569,14642,2578,15756,5046,7792,26766,13716,3347,6919,6952,16992
2021-01-08 12:00:00,5063,7311,4219,42123,5751,5994,5508,8636,2554,9628,14697,2583,15879,5081,7852,26872,13774,3372,6931,6994,17124
2021-01-09 12:00:00,5095,7334,4243,42314,5805,6045,5534,8662,2569,9702,14794,2607,15989,5124,7976,27041,13839,3399,6957,7043,17275
2021-01-10 12:00:00,5139,7417,4258,42392,5811,6047,5560,8672,2576,9726,14840,2608,16061,5125,7985,27117,13894,3418,6983,7064,17300
2021-01-11 12:00:00,5143,7423,4262,42440,5813,6059,5562,8682,2577,9727,14858,2609,16072,5126,7991,27138,13899,3433,7002,7095,17312
2021-01-12 12:00:00,5152,7440,4272,42549,5856,6097,5583,8711,2581,9753,14919,2617,16146,5159,8043,27199,13931,3440,7013,7107,17414
2021-01-13 12:00:00,5178,7468,4308,42690,5891,6137,5605,8733,2586,9799,14986,2631,16226,5199,8096,27384,14006,3459,7034,7151,17550
2021-01-14 12:00:00,5240,7519,4330,42811,5907,6152,5633,8748,2586,9862,15033,2647,16287,5220,8192,27484,14051,3484,7069,7198,17644
2021-01-15 12:00:00,5271,7551,4350,42927,5924,6169,5654,8759,2593,9882,15071,2659,16352,5240,8229,27568,14074,3498,7088,7243,17710
2021-01-16 12:00:00,5293,7594,4364,43041,5939,6189,5677,8780,2596,9911,15100,2667,16418,5270,8285,27666,14113,3513,7115,7277,17767
2021-01-17 12:00:00,5311,7605,4364,43098,5942,6191,5681,8789,2605,9953,15122,2670,16468,5271,8296,27738,14144,3522,7117,7285,17782
2021-01-18 12:00:00,5314,7619,4383,43124,5944,6191,5681,8793,2605,9953,15137,2670,16469,5272,8300,27760,14159,3533,7129,7294,17798
2021-01-19 12:00:00,5322,7645,4394,43220,5960,6208,5698,8807,2607,9959,15167,2674,16513,5289,8358,27807,14178,3537,7139,7314,17852
2021-01-20 12:00:00,5331,7684,4414,43398,5972,6232,5734,8828,2614,9996,15196,2681,16568,5321,8400,27949,14214,3556,7162,7345,17955
2021-01-21 12:00:00,5349,7695,4427,43538,5983,6251,5757,8836,2617,10022,15243,2691,16635,5367,8458,28069,14256,3567,7175,7379,18011
2021-01-22 12:00:00,5367,7728,4441,43645,5990,6265,5768,8840,2626,10060,15274,2694,16684,5392,8488,28139,14298,3577,7190,7415,18088
2021-01-23 12:00:00,5379,7763,4448,43737,6003,6275,5792,8846,2628,10089,15289,2702,16730,5427,8549,28220,14322,3584,7201,7445,18139
2021-01-24 12:00:00,5385,7779,4462,43810,6007,6278,5800,8849,2633,10106,15308,2707,16752,5434,8557,28298,14337,3592,7206,7465,18155
2021-01-25 12:00:00,5405,7789,4465,43844,6007,6280,5800,8855,2633,10106,15321,2707,16755,5437,8564,28303,14344,3600,7215,7465,18159
2021-01-26 12:00:00,5413,7797,4466,43894,6014,6298,5810,8871,2636,10119,15336,2708,16795,5460,8627,28367,14370,3602,7225,7489,18205
2021-01-27 12:00:00,5434,7809,4508,44032,6030,6327,5843,8882,2645,10159,15368,2718,16851,5487,8681,28494,14411,3619,7240,7515,18306
2021-01-28 12:00:00,5452,7845,4527,44151,6043,6340,5857,8889,2651,10176,15393,2721,16882,5516,8726,28569,14434,3634,7255,7541,18376
2021-01-29 12:00:00,5464,7880,4545,44238,6050,6352,5875,8910,2658,10200,15412,2727,16918,5531,8751,28642,14464,3645,7268,7574,18435
2021-01-30 12:00:00,5483,7901,4564,44318,6058,6371,5889,8918,2660,10213,15437,2737,16966,5558,8782,28714,14496,3649,7281,7610,18485
2021-01-31 12:00:00,5498,7918,4574,44365,6059,6372,5899,8924,2666,10231,15456,2739,17011,5561,8788,28792,14513,3656,7283,7617,18504
2021-02-01 12:00:00,5500,7925,4577,44379,6059,6372,5899,8926,2666,10231,15466,2739,17013,5564,8791,28808,14522,3659,7289,7626,18509
2021-02-02 12:00:00,5505,7931,4596,44451,6066,6379,5912,8934,2668,10244,15477,2740,17053,5580,8821,28886,14541,3659,7297,7628,18539
2021-02-03 12:00:00,5527,7966,4607,44555,6074,6397,5930,8953,2681,10275,15511,2745,17093,5597,8843,29042,14568,3659,7320,7666,18628
2021-02-04 12:00:00,5537,7987,4636,44637,6082,6416,5956,8961,2687,10314,15529,2747,17147,5618,8869,29064,14588,3665,7340,7708,18665
2021-02-05 12:00:00,5545,8006,4652,44720,6088,6424,5965,8969,2692,10336,15547,2754,17189,5625,8882,29217,14617,3668,7358,7743,18705
2021-02-06 12:00:00,5557,8021,4675,44773,6097,6439,5983,8980,2696,10350,15560,2756,17213,5639,8900,29301,14635,3671,7374,7762,18744
2021-02-07 12:00:00,5563,8038,4684,44807,6099,6439,5987,8987,2702,10365,15570,2757,17255,5642,8905,29371,14651,3681,7378,7773,18748
2021-02-08 12:00:00,5565,8039,4685,44818,6100,6439,5987,8989,2702,10367,15578,2757,17261,5643,8909,29381,14655,3684,7383,7779,18752
2021-02-09 12:00:00,5567,8046,4696,44861,6107,6453,5990,8996,2705,10379,15595,2758,17280,5659,8920,29419,14667,3685,7393,7792,18788
2021-02-10 12:00:00,5578,8062,4708,44949,6119,6479,6008,9003,2714,10413,15627,2761,17335,5674,8933,29537,14694,3688,7399,7812,18840
2021-02-11 12:00:00,5584,8071,4726,44995,6121,6489,6013,9006,2721,10426,15647,2761,17368,5686,8951,29594,14716,3696,7431,7833,18874
2021-02-12 12:00:00,5589,8089,4747,45053,6127,6503,6017,9009,2731,10435,15666,2764,17406,5700,8966,29666,14737,3698,7438,7844,18895
2021-02-13 12:00:00,5591,8104,4764,45105,6127,6525,6031,9015,2738,10449,15681,2766,17436,5719,8976,29735,14756,3700,7448,7862,18931
2021-02-14 12:00:00,5597,8122,4775,45129,6128,6527,6033,9017,2742,10458,15686,2766,17462,5720,8977,29787,14768,3703,7453,7872,18935
2021-02-15 12:00:00,5600,8124,4777,45141,6129,6527,6034,9021,2742,10458,15693,2766,17466,5721,8980,29789,14773,3704,7461,7879,18940
2021-02-16 12:00:00,5600,8129,4806,45190,6133,6546,6038,9028,2746,10462,15700,2766,17496,5731,8995,29828,14783,3707,7475,7885,18955
2021-02-17 12:00:00,5610,8163,4831,45264,6136,6568,6052,9038,2751,10483,15722,2768,17528,5748,9012,29913,14799,3707,7498,7900,19010
2021-02-18 12:00:00,5614,8189,4847,45316,6139,6583,6068,9043,2761,10492,15749,2771,17556,5756,9023,29962,14814,3720,7505,7916,19042
2021-02-19 12:00:00,5621,8218,4867,45390,6146,6600,6071,9052,2763,10509,15762,2773,17580,5763,9032,30030,14826,3720,7525,7935,19071
2021-02-20 12:00:00,5627,8243,4907,45468,6155,6613,6081,9060,2766,10512,15772,2783,17613,5778,9052,30100,14842,3727,7540,7945,19101
2021-02-21 12:00:00,5628,8255,4947,45508,6160,6615,6084,9060,2771,10524,15785,2787,17633,5780,9053,30162,14853,3733,7545,7953,19109
2021-02-22 12:00:00,5629,8258,4951,45521,6163,6615,6085,9064,2771,10526,15798,2788,17635,5780,9053,30169,14855,3737,7550,7957,19112
2021-02-23 12:00:00,5629,8274,4991,45580,6167,6626,6093,9069,2775,10530,15815,2788,17667,5793,9069,30225,14865,3739,7557,7970,19138
2021-02-24 12:00:00,5634,8310,5048,45695,6174,6655,6106,9081,2787,10556,15832,2794,17724,5809,9085,30379,14873,3745,7565,7996,19200
2021-02-25 12:00:00,5638,8331,5095,45773,6179,6679,6119,9086,2791,10568,15861,2796,17770,5825,9110,30482,14893,3745,7596,8029,19226
2021-02-28 12:00:00,5644,8410,5250,45944,6191,6726,6147,9106,2818,10609,15929,2809,17912,5888,9139,30694,14939,3768,7624,8112,19314
2021-03-01 12:00:00,5646,8414,5256,45961,6193,6726,6147,9108,2818,10609,15942,2809,17912,5890,9139,30704,14946,3771,7635,8121,19317
2021-03-02 12:00:00,5649,8420,5305,46007,6202,6754,6151,9115,2821,10618,15954,2814,17964,5897,9156,30762,14957,3772,7646,8147,19347
2021-03-03 12:00:00,5661,8440,5363,46101,6206,6797,6157,9121,2839,10635,15988,2822,18033,5920,9174,30927,14976,3781,7670,8182,19412
2021-03-04 12:00:00,5663,8479,5437,46172,6213,6842,6174,9128,2844,10647,16060,2824,18112,5936,9195,31024,14997,3786,7685,8210,19444
2021-03-05 12:00:00,5664,8512,5487,46241,6214,6871,6176,9135,2857,10660,16094,2829,18181,5956,9202,31125,15023,3794,7704,8253,19484
2021-03-06 12:00:00,5669,8533,5537,46335,6220,6891,6186,9143,2880,10686,16123,2831,18275,5980,9221,31221,15050,3803,7722,8292,19522
2021-03-07 12:00:00,5672,8544,5575,46386,6222,6894,6189,9150,2886,10698,16135,2833,18352,5982,9221,31323,15072,3803,7732,8314,19531
2021-03-08 12:00:00,5672,8548,5581,46405,6224,6894,6190,9158,2887,10698,16139,2833,18359,5982,9222,31328,15079,3809,7733,8329,19538
2021-03-09 12:00:00,5677,8560,5620,46483,6230,6913,6190,9169,2894,10714,16153,2836,18443,5997,9236,31387,15097,3811,7738,8375,19576
2021-03-10 12:00:00,5684,8577,5678,46601,6250,6944,6204,9184,2915,10739,16183,2841,18592,6043,9247,31591,15141,3814,7770,8412,19651
2021-03-11 12:00:00,5692,8593,5735,46731,6264,6977,6213,9195,2928,10755,16204,2850,18730,6067,9259,31698,15179,3816,7791,8464,19697
2021-03-12 12:00:00,5701,8615,5780,46859,6274,7020,6217,9211,2957,10774,16232,2855,18882,6093,9266,31831,15208,3819,7801,8524,19742
2021-03-13 12:00:00,5706,8634,5813,46977,6291,7059,6230,9218,2967,10793,16248,2861,19036,6127,9280,31965,15262,3823,7819,8577,19798
2021-03-14 12:00:00,5709,8659,5849,47064,6297,7065,6233,9221,2981,10802,16253,2868,19153,6146,9281,32078,15308,3829,7832,8601,19816
2021-03-15 12:00:00,5710,8662,5852,47080,6301,7068,6233,9234,2982,10802,16270,2868,19167,6154,9282,32084,15325,3836,7832,8613,19819
2021-03-16 12:00:00,5713,8668,5906,47163,6320,7102,6241,9252,2999,10813,16289,2872,19289,6200,9298,32181,15347,3836,7842,8660,19874
2021-03-17 12:00:00,5731,8705,5961,47385,6341,7172,6242,9273,3037,10831,16319,2878,19584,6275,9304,32443,15422,3839,7864,8728,19976
2021-03-18 12:00:00,5748,8723,6016,47541,6350,7248,6266,9289,3056,10844,16358,2895,19840,6340,9330,32641,15468,3842,7885,8782,20045
2021-03-19 12:00:00,5758,8762,6058,47705,6359,7305,6274,9309,3072,10863,16381,2899,20075,6387,9335,32836,15509,3845,7909,8847,20131
2021-03-20 12:00:00,5776,8772,6121,47900,6367,7359,6284,9328,3091,10882,16400,2912,20287,6454,9357,33049,15570,3848,7929,8913,20206
2021-03-21 12:00:00,5785,8821,6156,48025,6372,7365,6288,9342,3103,10901,16417,2921,20507,6464,9359,33199,15631,3857,7947,8948,20231
2021-03-22 12:00:00,5787,8830,6159,48058,6373,7367,6288,9343,3104,10903,16425,2921,20519,6467,9361,33213,15659,3860,7948,8962,20242
2021-03-23 12:00:00,5789,8834,6227,48213,6391,7411,6292,9361,3123,10924,16450,2927,20705,6511,9370,33343,15698,3864,7959,9042,20311
2021-03-24 12:00:00,5830,8864,6305,48560,6403,7489,6303,9383,3154,10972,16486,2931,21060,6623,9388,33655,15800,3870,7997,9107,20456
2021-03-25 12:00:00,5846,8905,6373,48838,6418,7570,6313,9404,3171,10999,16542,2947,21329,6733,9423,33949,15867,3872,8037,9190,20583
2021-03-26 12:00:00,5872,8944,6419,49129,6437,7670,6317,9432,3190,11042,16627,2954,21690,6817,9436,34224,15932,3877,8084,9312,20706
2021-03-27 12:00:00,5895,8978,6469,49446,6459,7783,6328,9444,3209,11069,16687,2965,22003,6933,9456,34518,15993,3881,8138,9395,20852
2021-03-28 12:00:00,5912,9008,6513,49669,6473,7798,6335,9444,3238,11106,16712,2971,22381,6947,9457,34781,16064,3889,8164,9471,20889
2021-03-29 12:00:00,5916,9029,6515,49728,6477,7799,6339,9464,3238,11108,16736,2971,22405,6961,9459,34798,16105,3892,8166,9514,20902
2021-03-30 12:00:00,5931,9056,6591,49985,6494,7881,6343,9489,3253,11123,16768,2988,22662,7040,9484,35053,16135,3894,8196,9609,21034
2021-03-31 12:00:00,6004,9073,6706,50436,6510,7975,6380,9527,3289,11196,16827,3004,23276,7164,9509,35445,16207,3905,8261,9708,21230
2021-04-01 12:00:00,6056,9148,6775,50898,6530,8041,6413,9553,3319,11237,16914,3030,23567,7303,9538,35887,16267,3910,8342,9843,21483
2021-04-02 12:00:00,6104,9185,6857,51383,6547,8143,6428,9576,3342,11283,17012,3041,23927,7448,9552,36229,16366,3918,8407,9991,21677
2021-04-03 12:00:00,6150,9248,6895,51908,6559,8277,6461,9606,3364,11324,17081,3074,24305,7564,9598,36373,16472,3922,8482,10147,21840
2021-04-04 12:00:00,6172,9295,6945,52204,6574,8307,6469,9622,3375,11367,17124,3080,24644,7597,9608,36433,16579,3930,8521,10271,21909
2021-04-05 12:00:00,6175,9325,6947,52233,6581,8308,6469,9622,3376,11367,17147,3080,24659,7597,9610,36445,16583,3931,8522,10271,21916
2021-04-06 12:00:00,6178,9338,6987,52333,6593,8312,6471,9627,3384,11395,17183,3083,24719,7606,9616,36741,16610,3938,8532,10301,21952
2021-04-07 12:00:00,6194,9346,7037,52703,6615,8374,6479,9659,3404,11417,17240,3093,24963,7669,9633,37055,16686,3938,8554,10434,22055
2021-04-08 12:00:00,6265,9410,7115,53381,6633,8462,6533,9699,3426,11543,17343,3126,25393,7819,9738,37497,16820,3955,8622,10584,22401
2021-04-09 12:00:00,6304,9479,7181,53999,6655,8514,6571,9729,3444,11602,17448,3134,25779,7967,9762,37843,16963,3969,8707,10735,22579
2021-04-10 12:00:00,6344,9517,7240,54593,6675,8593,6605,9771,3473,11673,17540,3159,26158,8072,9807,38148,17111,3971,8770,10869,22810
2021-04-11 12:00:00,6381,9598,7293,54838,6685,8661,6636,9800,3489,11741,17570,3175,26458,8085,9816,38436,17214,3986,8808,10989,22857
2021-04-12 12:00:00,6383,9651,7299,54939,6686,8662,6636,9805,3489,11742,17624,3176,26480,8088,9821,38447,17302,3989,8812,11038,22869
2021-04-13 12:00:00,6396,9672,7371,55513,6705,8698,6651,9843,3501,11790,17681,3195,26734,8177,9875,38667,17361,3997,8866,11111,23070
2021-04-14 12:00:00,6469,9740,7453,56109,6730,8784,6698,9893,3524,11946,17809,3210,27154,8324,9930,39052,17520,4011,8914,11259,23444
2021-04-15 12:00:00,6518,9814,7500,56728,6755,8911,6750,9922,3544,12036,17930,3257,27518,8439,9989,39490,17672,4014,8996,11387,23730
2021-04-16 12:00:00,6561,9936,7553,57332,6785,9004,6800,9947,3558,12128,18081,3278,27842,8496,10011,39812,17833,4031,9087,11508,24015
2021-04-17 12:00:00,6602,9999,7618,57902,6808,9075,6851,9984,3579,12223,18207,3324,28178,8597,10091,40124,17971,4032,9179,11639,24242
2021-04-18 12:00:00,6608,10063,7654,58187,6819,9114,6868,10018,3600,12312,18281,3332,28410,8610,10100,40441,18098,4040,9223,11709,24303
2021-04-19 12:00:00,6627,10136,7657,58326,6822,9116,6868,10023,3600,12314,18300,3334,28424,8612,10104,40458,18153,4050,9224,11733,24319
2021-04-20 12:00:00,6655,10173,7711,58880,6842,9175,6897,10064,3608,12348,18390,3355,28691,8673,10162,40729,18233,4056,9289,11826,24549
2021-04-21 12:00:00,6728,10266,7781,59537,6865,9267,6972,10119,3635,12510,18500,3376,29021,8794,10216,41191,18380,4057,9373,11925,24910
2021-04-22 12:00:00,6771,10343,7813,60115,6880,9371,7048,10168,3656,12610,18656,3433,29298,8929,10335,41499,18501,4087,9471,12056,25268
2021-04-23 12:00:00,6822,10515,7859,60667,6896,9467,7090,10214,3677,12707,18809,3453,29532,8991,10361,41784,18643,4094,9553,12163,25540
2021-04-24 12:00:00,6858,10600,7891,61219,6918,9512,7151,10254,3687,12800,18912,3488,29798,9099,10461,42055,18774,4116,9669,12277,25833
2021-04-25 12:00:00,6892,10635,7908,61469,6920,9526,7166,10279,3700,12890,18993,3497,29955,9110,10464,42288,18883,4129,9741,12308,25873
2021-04-26 12:00:00,6892,10692,7911,61607,6925,9526,7166,10280,3700,12894,19044,3498,29967,9111,10473,42301,18948,4130,9743,12330,25898
2021-04-27 12:00:00,6905,10728,7936,62078,6935,9599,7186,10330,3706,12931,19118,3523,30156,9172,10531,42476,19069,4132,9803,12391,26128
2021-04-28 12:00:00,6977,10853,7971,62748,6959,9671,7257,10381,3727,13096,19219,3547,30432,9280,10583,42808,19205,4136,9899,12482,26506
2021-04-29 12:00:00,7011,10944,7989,63294,6974,9715,7325,10412,3736,13165,19367,3605,30657,9344,10675,43087,19349,4160,9994,12576,26797
2021-04-30 12:00:00,7041,11025,8012,63785,6992,9768,7349,10447,3748,13233,19487,3628,30839,9384,10712,43321,19487,4170,10089,12637,27029
2021-05-01 12:00:00,7080,11128,8044,64283,7001,9808,7400,10474,3758,13326,19593,3661,30992,9430,10791,43517,19622,4186,10165,12707,27263
2021-05-02 12:00:00,7081,11200,8061,64483,7006,9818,7423,10488,3764,13398,19651,3668,31111,9433,10799,43638,19742,4196,10171,12742,27300
2021-05-03 12:00:00,7087,11216,8061,64598,7009,9821,7427,10495,3764,13401,19674,3668,31118,9435,10799,43644,19827,4205,10172,12778,27323
2021-05-04 12:00:00,7118,11239,8077,65019,7028,9854,7436,10535,3778,13451,19725,3681,31264,9459,10884,43757,19877,4211,10221,12819,27485
2021-05-05 12:00:00,7182,11355,8105,65613,7043,9921,7518,10591,3796,13569,19839,3703,31442,9503,10938,44014,20065,4215,10302,12897,27801
2021-05-06 12:00:00,7219,11394,8116,66031,7055,9959,7568,10623,3801,13653,19969,3733,31570,9537,11023,44108,20219,4225,10363,12939,27947
2021-05-07 12:00:00,7244,11468,8128,66414,7063,10006,7604,10649,3807,13715,20046,3744,31680,9559,11047,44210,20331,4238,10431,12999,28104
2021-05-08 12:00:00,7275,11524,8145,66733,7078,10026,7646,10679,3811,13777,20144,3753,31787,9595,11098,44291,20445,4250,10483,13045,28244
2021-05-09 12:00:00,7281,11547,8149,66880,7085,10029,7656,10707,3816,13843,20193,3756,31862,9597,11104,44349,20558,4250,10509,13057,28266
2021-05-10 12:00:00,7296,11558,8149,66956,7086,10047,7658,10709,3816,13849,20219,3756,31872,9599,11107,44355,20606,4257,10509,13063,28280
2021-05-11 12:00:00,7299,11583,8162,67221,7098,10063,7676,10736,3821,13884,20269,3765,31952,9621,11143,44396,20660,4267,10523,13091,28393
2021-05-12 12:00:00,7337,11601,8191,67596,7108,10088,7704,10762,3836,13981,20363,3776,32096,9651,11183,44486,20786,4273,10571,13123,28582
2021-05-13 12:00:00,7361,11655,8207,67828,7118,10101,7739,10782,3841,14041,20475,3794,32194,9676,11224,44538,20883,4274,10603,13151,28673
2021-05-14 12:00:00,7386,11691,8220,68067,7127,10120,7769,10799,3845,14092,20544,3799,32255,9691,11239,44610,20966,4291,10624,13170,28779
2021-05-15 12:00:00,7397,11701,8229,68307,7134,10136,7801,10808,3849,14128,20584,3810,32328,9708,11279,44662,21048,4312,10642,13180,28867
2021-05-16 12:00:00,7408,11740,8235,68419,7138,10138,7806,10817,3851,14153,20646,3812,32369,9715,11286,44714,21091,4315,10657,13192,28888
2021-05-17 12:00:00,7409,11746,8235,68463,7138,10139,7806,10818,3851,14153,20659,3812,32373,9716,11289,44720,21108,4324,10657,13192,28898
2021-05-18 12:00:00,7414,11751,8243,68627,7141,10155,7817,10832,3856,14171,20685,3819,32416,9726,11314,44746,21135,4325,10666,13208,28950
2021-05-19 12:00:00,7429,11776,8252,68905,7153,10172,7836,10863,3860,14245,20754,3826,32485,9739,11336,44825,21215,4332,10705,13228,29061
2021-05-20 12:00:00,7443,11807,8263,69065,7156,10188,7858,10881,3863,14281,20811,3833,32529,9747,11369,44862,21279,4345,10731,13242,29139
2021-05-21 12:00:00,7462,11845,8280,69322,7164,10212,7884,10902,3877,14317,20876,3846,32612,9771,11398,44942,21362,4365,10758,13274,29266
2021-05-22 12:00:00,7462,11845,8280,69322,7164,10212,7884,10902,3877,14317,20876,3846,32612,9771,11398,44942,21362,4365,10758,13274,29266
2021-05-23 12:00:00,7470,11857,8283,69391,7164,10213,7887,10911,3881,14335,20891,3847,32631,9774,11406,44965,21398,4365,10765,13280,29272
2021-05-24 12:00:00,7473,11858,8283,69417,7164,10214,7887,10912,3881,14335,20897,3847,32637,9775,11406,44966,21412,4371,10765,13281,29279
2021-05-25 12:00:00,7479,11858,8286,69515,7166,10220,7901,10917,3883,14348,20915,3852,32679,9788,11420,44979,21437,4377,10770,13287,29306
2021-05-26 12:00:00,7492,11869,8298,69642,7172,10226,7907,10924,3884,14399,20932,3858,32718,9805,11435,45029,21486,4377,10784,13317,29367
2021-05-27 12:00:00,7499,11875,8303,69737,7179,10236,7924,10926,3888,14413,20950,3861,32740,9813,11463,45048,21526,4382,10800,13339,29394
2021-05-28 12:00:00,7508,11879,8303,69814,7184,10248,7930,10928,3892,14436,20958,3862,32762,9819,11478,45073,21556,4382,10812,13361,29432
2021-05-29 12:00:00,7516,11896,8306,69898,7187,10254,7933,10933,3897,14450,20984,3864,32790,9827,11495,45092,21583,4388,10818,13377,29467
2021-05-30 12:00:00,7518,11898,8307,69949,7189,10254,7935,10937,3900,14472,20993,3864,32798,9828,11498,45111,21607,4396,10831,13380,29476
2021-05-31 12:00:00,7518,11898,8307,69963,7190,10254,7935,10938,3900,14472,20997,3864,32800,9831,11498,45111,21619,4397,10831,13380,29478
2021-06-01 12:00:00,7522,11902,8310,70032,7195,10258,7938,10941,3901,14483,21003,3870,32820,9839,11498,45121,21634,4397,10839,13396,29498
2021-06-02 12:00:00,7542,11920,8312,70118,7200,10267,7950,10948,3905,14511,21019,3871,32851,9850,11510,45155,21672,4401,10851,13415,29561
2021-06-03 12:00:00,7546,11926,8318,70189,7201,10274,7960,10952,3907,14529,21030,3872,32870,9862,11518,45176,21707,4406,10859,13427,29580
2021-06-04 12:00:00,7547,11929,8320,70208,7204,10275,7961,10954,3907,14529,21035,3872,32882,9862,11521,45186,21718,4413,10859,13433,29582
2021-06-05 12:00:00,7555,11929,8321,70260,7207,10278,7971,10960,3911,14537,21043,3872,32906,9870,11525,45197,21730,4413,10863,13447,29613
2021-06-06 12:00:00,7562,11939,8321,70288,7210,10280,7972,10965,3912,14555,21050,3873,32912,9879,11531,45222,21747,4413,10868,13447,29619
2021-06-07 12:00:00,7563,11940,8321,70296,7210,10280,7972,10966,3912,14555,21053,3874,32914,9881,11531,45222,21760,4422,10868,13447,29621
2021-06-08 12:00:00,7564,11940,8325,70338,7214,10282,7977,10971,3917,14565,21061,3877,32930,9891,11534,45228,21774,4423,10878,13468,29629
2021-06-09 12:00:00,7570,11951,8330,70398,7217,10286,7981,10972,3922,14589,21074,3878,32952,9913,11542,45245,21787,4423,10885,13488,29658
2021-06-10 12:00:00,7574,11962,8330,70432,7220,10287,7985,10973,3924,14604,21084,3880,32965,9918,11544,45259,21804,4429,10886,13512,29673
2021-06-11 12:00:00,7578,11966,8333,70461,7221,10288,7987,10974,3926,14613,21088,3880,32977,9931,11544,45272,21813,4431,10888,13521,29687
2021-06-12 12:00:00,7578,11968,8336,70482,7221,10290,7992,10976,3928,14619,21092,3880,32994,9943,11548,45281,21817,4435,10893,13532,29699
2021-06-13 12:00:00,7578,11968,8336,70482,7221,10290,7992,10976,3928,14619,21092,3880,32994,9943,11548,45281,21817,4435,10893,13532,29699
2021-06-14 12:00:00,7579,11970,8336,70491,7221,10298,7993,10976,3930,14625,21095,3881,33004,9945,11549,45285,21826,4438,10894,13541,29704
2021-06-15 12:00:00,7579,11970,8336,70491,7221,10298,7993,10976,3930,14625,21095,3881,33004,9945,11549,45285,21826,4438,10894,13541,29704
2021-06-16 12:00:00,7579,11979,8345,70530,7228,10304,7998,10980,3930,14638,21103,3881,33020,9953,11553,45307,21838,4447,10907,13581,29722
2021-06-17 12:00:00,7579,11980,8350,70553,7228,10306,8000,10980,3930,14644,21108,3881,33026,9957,11556,45315,21840,4448,10911,13597,29729
2021-06-18 12:00:00,7579,11982,8359,70567,7228,10306,8003,10982,3931,14655,21110,3883,33040,9963,11558,45323,21846,4450,10912,13617,29737
2021-06-19 12:00:00,7580,11985,8362,70577,7229,10306,8004,10982,3931,14662,21115,3883,33043,9968,11558,45328,21852,4453,10913,13643,29741
2021-06-20 12:00:00,7580,11985,8363,70581,7229,10306,8005,10985,3931,14668,21121,3883,33049,9970,11558,45333,21862,4453,10914,13655,29742
2021-06-21 12:00:00,7580,11985,8363,70584,7229,10306,8005,10985,3931,14668,21122,3883,33050,9970,11558,45333,21865,4453,10914,13657,29743
2021-06-22 12:00:00,7581,11986,8377,70590,7229,10308,8005,10985,3932,14671,21124,3884,33054,9974,11560,45343,21866,4454,10915,13676,29745
2021-06-23 12:00:00,7581,11987,8378,70591,7229,10308,8005,10985,3932,14671,21128,3884,33061,9975,11560,45352,21866,4455,10915,13692,29747
2021-06-24 12:00:00,7581,11987,8384,70601,7229,10309,8007,10987,3933,14675,21133,3884,33075,9982,11562,45356,21870,4455,10920,13726,29747
2021-06-25 12:00:00,7583,11993,8391,70611,7229,10314,8011,10987,3935,14686,21133,3884,33087,9987,11563,45358,21873,4457,10924,13768,29747
2021-06-26 12:00:00,7584,11994,8393,70619,7230,10314,8011,10990,3936,14688,21133,3885,33099,9987,11564,45362,21879,4458,10929,13802,29750
2021-06-27 12:00:00,7584,11995,8397,70621,7230,10314,8014,10990,3936,14694,21137,3885,33103,9988,11564,45364,21887,4458,10931,13808,29752
2021-06-28 12:00:00,7584,11995,8397,70624,7230,10314,8014,10990,3936,14694,21138,3885,33107,9988,11564,45367,21890,4458,10931,13808,29752
2021-06-29 12:00:00,7585,11995,8398,70630,7230,10314,8014,10992,3937,14695,21140,3885,33116,9992,11564,45373,21891,4459,10932,13841,29753
2021-06-30 12:00:00,7586,11998,8404,70659,7231,10318,8017,10995,3939,14719,21145,3887,33149,10003,11565,45385,21907,4461,10938,13911,29758
2021-07-01 12:00:00,7586,11998,8404,70659,7231,10318,8017,10995,3939,14719,21145,3887,33149,10003,11565,45385,21907,4461,10938,13911,29758
2021-07-02 12:00:00,7586,11999,8406,70666,7231,10319,8020,10995,3940,14719,21148,3887,33159,10006,11566,45389,21908,4461,10945,13957,29760
2021-07-03 12:00:00,7586,11999,8408,70680,7232,10319,8023,10995,3940,14720,21153,3887,33182,10012,11566,45394,21911,4464,10949,13997,29764
2021-07-04 12:00:00,7586,12001,8411,70684,7232,10319,8023,10995,3941,14722,21157,3887,33193,10016,11568,45397,21914,4464,10950,14013,29764
2021-07-05 12:00:00,7587,12001,8412,70687,7233,10319,8023,10995,3941,14722,21158,3887,33194,10016,11568,45398,21914,4464,10950,14013,29764
2021-07-06 12:00:00,7587,12001,8420,70701,7233,10319,8024,10995,3943,14724,21162,3888,33216,10023,11570,45404,21916,4464,10953,14033,29766
2021-07-07 12:00:00,7587,12002,8429,70720,7233,10320,8026,10996,3944,14732,21170,3889,33231,10030,11571,45414,21921,4464,10956,14076,29772
2021-07-08 12:00:00,7587,12004,8434,70726,7233,10320,8030,10996,3950,14732,21176,3889,33249,10045,11572,45423,21923,4464,10957,14109,29774
2021-07-09 12:00:00,7587,12004,8444,70735,7233,10320,8035,11000,3950,14732,21184,3890,33250,10053,11574,45433,21923,4464,10962,14132,29775
2021-07-10 12:00:00,7587,12004,8450,70741,7233,10322,8036,11003,3950,14734,21188,3891,33256,10062,11576,45446,21923,4464,10964,14160,29778
2021-07-11 12:00:00,7587,12004,8457,70746,7235,10327,8040,11003,3950,14737,21191,3891,33264,10062,11576,45451,21924,4464,10967,14172,29778
2021-07-12 12:00:00,7587,12004,8460,70749,7235,10327,8040,11003,3950,14737,21191,3891,33265,10062,11578,45453,21924,4466,10967,14173,29779
2021-07-13 12:00:00,7587,12004,8470,70757,7235,10329,8045,11005,3951,14738,21191,3891,33270,10076,11579,45465,21927,4466,10969,14188,29781
2021-07-14 12:00:00,7589,12005,8479,70770,7236,10331,8047,11005,3951,14742,21196,3892,33275,10085,11587,45497,21930,4466,10974,14239,29783
2021-07-15 12:00:00,7590,12005,8494,70787,7237,10331,8056,11005,3951,14744,21206,3892,33281,10098,11588,45526,21934,4467,10978,14265,29783
2021-07-16 12:00:00,7591,12005,8503,70801,7238,10333,8058,11006,3952,14745,21210,3892,33291,10106,11592,45562,21936,4467,10981,14293,29787
2021-07-17 12:00:00,7592,12007,8513,70819,7238,10335,8064,11008,3952,14747,21214,3892,33299,10118,11592,45600,21937,4467,10983,14323,29788
2021-07-18 12:00:00,7594,12008,8515,70834,7239,10335,8064,11008,3953,14747,21215,3892,33303,10120,11594,45651,21939,4467,10990,14339,29788
2021-07-19 12:00:00,7594,12009,8517,70845,7239,10335,8064,11008,3953,14747,21216,3892,33303,10120,11594,45654,21939,4467,10990,14339,29788
2021-07-20 12:00:00,7594,12010,8532,70867,7240,10338,8068,11009,3954,14750,21222,3894,33310,10131,11594,45688,21941,4467,10994,14365,29791
2021-07-21 12:00:00,7596,12010,8545,70900,7241,10340,8074,11011,3954,14750,21228,3894,33315,10143,11596,45742,21950,4467,10996,14401,29797
2021-07-22 12:00:00,7597,12011,8565,70924,7241,10341,8082,11011,3954,14753,21230,3894,33322,10157,11597,45790,21952,4468,10999,14437,29804
2021-07-23 12:00:00,7599,12012,8585,70951,7241,10344,8083,11012,3957,14754,21232,3897,33328,10163,11600,45838,21954,4468,11001,14471,29815
2021-07-24 12:00:00,7601,12014,8614,70973,7242,10344,8096,11012,3963,14754,21234,3897,33348,10170,11602,45890,21956,4468,11003,14492,29823
2021-07-25 12:00:00,7603,12016,8626,70989,7242,10346,8098,11012,3963,14756,21239,3897,33355,10171,11605,45933,21959,4468,11004,14512,29827
2021-07-26 12:00:00,7603,12016,8627,70998,7243,10346,8098,11012,3963,14757,21239,3897,33358,10173,11605,45940,21959,4468,11005,14513,29828
2021-07-27 12:00:00,7607,12019,8663,71036,7245,10348,8099,11012,3964,14758,21245,3898,33366,10180,11610,45981,21959,4469,11009,14538,29835
2021-07-28 12:00:00,7610,12030,8687,71075,7246,10350,8103,11013,3966,14758,21248,3898,33372,10194,11611,46026,21961,4469,11012,14570,29840
2021-07-29 12:00:00,7611,12031,8722,71110,7247,10350,8103,11013,3966,14758,21253,3898,33383,10201,11614,46064,21967,4470,11015,14596,29855
2021-07-30 12:00:00,7613,12031,8740,71157,7251,10352,8106,11014,3969,14760,21259,3898,33388,10208,11614,46106,21973,4470,11017,14603,29868
2021-07-31 12:00:00,7615,12032,8762,71214,7256,10357,8111,11017,3972,14764,21260,3899,33396,10217,11616,46154,21976,4473,11022,14619,29883
2021-08-01 12:00:00,7616,12033,8784,71238,7261,10360,8118,11018,3974,14765,21261,3899,33404,10218,11618,46194,21977,4474,11023,14634,29889
2021-08-02 12:00:00,7616,12033,8787,71249,7262,10361,8118,11018,3974,14765,21262,3899,33405,10220,11618,46198,21977,4474,11023,14637,29891
2021-08-03 12:00:00,7616,12034,8816,71289,7263,10361,8119,11019,3976,14766,21265,3901,33408,10228,11626,46239,21978,4474,11025,14665,29905
2021-08-04 12:00:00,7618,12036,8835,71348,7268,10364,8122,11024,3979,14767,21271,3902,33415,10245,11636,46300,21985,4474,11026,14703,29926
2021-08-05 12:00:00,7620,12037,8855,71407,7274,10366,8126,11025,3979,14767,21283,3903,33422,10254,11640,46352,21992,4475,11027,14743,29944
2021-08-06 12:00:00,7621,12040,8859,71417,7279,10368,8126,11026,3981,14767,21285,3903,33428,10256,11641,46408,21992,4475,11028,14749,29950
2021-08-07 12:00:00,7624,12042,8883,71467,7280,10370,8128,11029,3985,14768,21291,3904,33438,10265,11643,46460,21998,4475,11028,14784,29970
2021-08-08 12:00:00,7628,12042,8899,71506,7285,10372,8128,11030,3989,14771,21295,3905,33446,10270,11644,46526,22003,4475,11031,14812,29988
2021-08-09 12:00:00,7630,12042,8907,71519,7289,10372,8128,11030,3989,14772,21295,3905,33450,10271,11645,46532,22004,4475,11031,14812,29991
2021-08-10 12:00:00,7631,12050,8930,71563,7289,10376,8131,11034,3996,14776,21302,3907,33456,10287,11652,46602,22005,4475,11034,14832,30007
2021-08-11 12:00:00,7636,12057,8939,71659,7296,10384,8141,11040,4002,14785,21318,3908,33467,10307,11666,46681,22009,4475,11035,14865,30046
2021-08-12 12:00:00,7641,12063,8951,71751,7306,10386,8144,11041,4009,14789,21325,3908,33478,10340,11669,46750,22014,4475,11036,14893,30080
2021-08-13 12:00:00,7646,12072,8957,71836,7313,10394,8151,11045,4013,14793,21336,3910,33489,10359,11675,46815,22018,4477,11038,14917,30103
2021-08-14 12:00:00,7648,12085,8976,71927,7321,10403,8154,11047,4023,14795,21346,3913,33505,10379,11681,46893,22031,4478,11040,14942,30137
2021-08-15 12:00:00,7654,12088,8983,72005,7325,10411,8158,11052,4032,14803,21355,3917,33520,10382,11683,46963,22047,4480,11045,14962,30157
2021-08-16 12:00:00,7654,12088,8985,72021,7331,10411,8158,11052,4032,14804,21357,3917,33520,10383,11683,46975,22047,4480,11046,14964,30160
2021-08-17 12:00:00,7671,12113,9016,72234,7350,10430,8182,11062,4041,14814,21383,3926,33544,10409,11711,47190,22059,4481,11053,15020,30244
2021-08-19 12:00:00,7683,12125,9027,72362,7360,10444,8191,11069,4046,14822,21402,3926,33551,10438,11715,47326,22069,4484,11061,15047,30271
2021-08-20 12:00:00,7697,12142,9039,72478,7368,10455,8199,11077,4052,14825,21419,3930,33564,10443,11721,47457,22073,4488,11074,15074,30312
2021-08-21 12:00:00,7720,12153,9052,72581,7375,10475,8207,11088,4056,14828,21449,3934,33579,10460,11731,47604,22083,4494,11091,15095,30337
2021-08-22 12:00:00,7734,12174,9059,72657,7379,10488,8212,11092,4060,14836,21475,3937,33596,10463,11735,47705,22091,4503,11096,15113,30360
2021-08-23 12:00:00,7735,12181,9061,72687,7380,10488,8212,11092,4060,14836,21476,3937,33599,10464,11735,47720,22092,4510,11096,15114,30363
2021-08-24 12:00:00,7741,12194,9074,72796,7384,10491,8218,11099,4064,14841,21500,3937,33618,10480,11747,47874,22099,4511,11101,15141,30398
2021-08-25 12:00:00,7771,12206,9086,72936,7385,10517,8234,11105,4068,14852,21535,3938,33636,10494,11760,48064,22116,4516,11113,15183,30470
2021-08-26 12:00:00,7789,12228,9105,73047,7401,10549,8242,11115,4072,14866,21568,3939,33655,10516,11778,48248,22125,4530,11133,15216,30501
2021-08-27 12:00:00,7821,12252,9119,73145,7409,10582,8249,11118,4078,14867,21600,3945,33673,10524,11787,48418,22139,4546,11151,15244,30552
2021-08-28 12:00:00,7839,12271,9133,73267,7416,10608,8253,11128,4083,14874,21647,3952,33687,10537,11792,48577,22147,4562,11170,15273,30598
2021-08-29 12:00:00,7848,12288,9138,73356,7418,10621,8256,11138,4086,14879,21679,3953,33692,10539,11797,48698,22158,4566,11179,15287,30615
2021-08-30 12:00:00,7849,12291,9150,73391,7421,10622,8256,11138,4087,14880,21683,3953,33693,10540,11801,48718,22164,4575,11180,15312,30626
2021-08-31 12:00:00,7855,12317,9183,73538,7428,10628,8260,11149,4092,14890,21718,3959,33716,10571,11804,48915,22173,4576,11191,15355,30680
2021-09-02 12:00:00,7904,12367,9240,73890,7448,10663,8296,11179,4116,14908,21818,3967,33770,10589,11817,49325,22201,4606,11227,15444,30826
2021-09-03 12:00:00,7927,12397,9253,74072,7455,10690,8306,11197,4125,14915,21848,3980,33814,10610,11831,49503,22234,4622,11256,15481,30901
2021-09-04 12:00:00,7940,12435,9286,74244,7464,10732,8313,11204,4139,14920,21882,3986,33896,10635,11848,49687,22254,4635,11277,15528,30994
